id,max_level,mpp,ppm,type,exp_strategy,tumor_percentage
9aa12c48-1926-4267-89cf-3582a34ccd95,15,0.50,1994017.946161516,TS1,Tissue Slide,76
6699630b-7751-4f73-8ad2-eab0135ab6b5,17,0.25,4032258.064516129,TS1,Tissue Slide,85
819d8800-992b-4bc2-b5c2-5947be770adc,17,0.25,3957261.574990107,TSA,Tissue Slide,75
08b2d89f-e126-43cc-8af3-b582bd3239a6,16,0.25,4070004.07000407,BS1,Tissue Slide,82
33efd1f2-4d7c-4b4c-82b9-560ef47b6f9f,16,0.25,3968253.9682539687,BS1,Tissue Slide,98
8736e8f3-f667-418e-ad38-b80546ce154f,17,0.25,3957261.574990107,TS1,Tissue Slide,80
6d696a03-6809-4669-a4b4-03005b5d7249,14,0.49,2024701.356549909,TS1,Tissue Slide,75
c0799d43-292a-4249-bee7-38a37fd2a39d,14,0.50,1994017.946161516,TS1,Tissue Slide,70
240ba6ae-22f0-47c5-8bcb-4ae48e34c87f,14,0.49,2024701.356549909,TS1,Tissue Slide,100
d9d12610-9ab8-4ca8-9cff-398f6afb38f2,15,0.50,1994017.946161516,BS1,Tissue Slide,70
95bb9811-685d-469d-924f-1cdd7eda1fc8,15,0.50,1994017.946161516,TS1,Tissue Slide,70
a60e369f-094f-4bff-86a5-711dadec4d33,15,0.50,1994017.946161516,TS1,Tissue Slide,75
9460017b-d2a3-4470-a945-2209348ade82,16,0.25,3968253.9682539687,TS1,Tissue Slide,80
d4a6501c-ebeb-4e94-a5ed-b72ec28c842f,15,0.25,4061738.424045492,TS1,Tissue Slide,85
3f73f1b0-d0c5-4716-98a4-b33bc5e1b0a1,15,0.25,4061738.424045492,BS1,Tissue Slide,80
7aaa0f75-eeb1-4229-8e3d-2f117900586a,17,0.25,4051863.857374393,TS2,Tissue Slide,70
11004777-31eb-4d47-bd85-d062a9112852,15,0.25,3957261.574990107,BS2,Tissue Slide,58
03f61f8d-a7da-4ab6-863c-f32009b0fdca,15,0.50,1994017.946161516,BS1,Tissue Slide,20
2b47500a-1635-4029-bd3b-f5cb0a08c087,15,0.50,1994017.946161516,TS1,Tissue Slide,70
8f2c90e1-ada5-409f-a378-c2587815e63b,17,0.25,3968253.9682539687,TS1,Tissue Slide,60
194076be-9144-41cd-9f0e-b1b3a0b53c67,16,0.50,1994017.946161516,BS1,Tissue Slide,75
02450115-8fc3-4ae9-96a5-e9b47bb4a26e,15,0.50,1994017.946161516,BS1,Tissue Slide,30
a5dadfa8-26ab-40d7-b12e-c68a47f47aad,15,0.50,1994017.946161516,TS1,Tissue Slide,100
a497dde8-6d00-48f1-a2c5-d1738f964167,15,0.50,1994017.946161516,TS1,Tissue Slide,80
36ecd34f-4d71-4591-a6bc-9de584aa5dbf,15,0.50,1994017.946161516,TS1,Tissue Slide,60
e7fcf4ed-f455-4857-b1bb-236a06bc4abc,15,0.50,1994017.946161516,TS1,Tissue Slide,85
421cd541-9aeb-4f4a-b0fa-f9cc2cd65be4,15,0.50,1994017.946161516,BS1,Tissue Slide,80
c1521820-b26a-4f51-a6f7-655fd40369ca,15,0.50,1994017.946161516,BS1,Tissue Slide,87
66def1f7-5360-472a-8bf0-978c04f4277d,15,0.25,3968253.9682539687,TS1,Tissue Slide,100
f408a805-8604-4be5-a8ef-30b32c210e8c,17,0.25,4056795.131845842,TSA,Tissue Slide,50
4378aadc-a55e-45b1-bd43-a2e8eb745930,16,0.25,3968253.9682539687,BS2,Tissue Slide,85
846f8554-d521-4afa-9657-41d9c363e18e,17,0.25,4056795.131845842,TS1,Tissue Slide,50
dd1e30a6-8239-486a-82e5-faf8aed6c0b6,15,0.50,1994017.946161516,TS1,Tissue Slide,70
f4a700ec-2441-409c-9f0c-92af46f4568c,16,0.50,1994017.946161516,BS1,Tissue Slide,80
9f85c5a9-1787-4384-8df4-2028ec2373a7,15,0.50,1994017.946161516,TS1,Tissue Slide,75
5647b3ab-ae91-4bd3-8179-bcf3d1f85317,17,0.25,4071661.2377850167,TSE,Tissue Slide,30
83914e9f-f737-44bc-b308-80d975ab7a91,15,0.50,1994017.946161516,BS1,Tissue Slide,70
94767efb-6c17-41e3-9f6e-d3a60f57097e,15,0.50,1994017.946161516,BS1,Tissue Slide,82
2c4c6bb7-0c95-43dd-8f87-a715fe764ade,15,0.50,1994017.946161516,TS1,Tissue Slide,55
294420a2-99ed-439b-a51d-8d5ccd363c87,17,0.25,3957261.574990107,TS1,Tissue Slide,70
364cb3fa-6015-4e07-a7ac-b69062254cc6,15,0.25,3968253.9682539687,BS1,Tissue Slide,98
492c295f-2030-4f84-94b0-62ca0b4d1a8f,16,0.25,3968253.9682539687,BS1,Tissue Slide,80
f55c37ea-70e9-4606-bea8-881ed6e7e0da,14,0.50,1994017.946161516,BS1,Tissue Slide,85
8be8c3ea-70f6-405f-a52e-e5991a28bd93,17,0.25,3968253.9682539687,TS1,Tissue Slide,80
cc3e4e74-87bf-43b3-b2a6-104bae280ca9,16,0.25,4070004.07000407,TS1,Tissue Slide,90
a0032808-7519-4f3d-99a0-c9d954749f20,14,0.50,1994017.946161516,TS1,Tissue Slide,75
5ee3b394-dbbd-425d-bd47-7cfb9b6add34,16,0.50,1994017.946161516,BS2,Tissue Slide,60
4c9ac3a2-9bef-4a94-8834-0378c08800b9,15,0.50,1994017.946161516,TS1,Tissue Slide,70
8341c795-caab-4014-aae0-c9e003fa0c0b,15,0.25,3968253.9682539687,BS1,Tissue Slide,62
16167a7e-2158-423f-96c2-55e911915d5a,15,0.50,1994017.946161516,BS1,Tissue Slide,60
084a1df7-300a-4d5f-894e-b503f190e2da,17,0.25,4051863.857374393,TS1,Tissue Slide,70
e8ca0915-a32e-41b0-adc9-dabb5254c1ab,15,0.25,4070004.07000407,TS1,Tissue Slide,65
5594aecb-c940-4b52-85ae-16ff933ae95b,14,0.50,1994017.946161516,BS1,Tissue Slide,70
baf3c61e-0146-4e34-93fd-9067644157ab,17,0.25,4071661.2377850167,TSA,Tissue Slide,50
fb1fa825-2891-4f6e-aab0-5633bd1fc8bf,14,0.50,1994017.946161516,BS1,Tissue Slide,75
21075ed9-c34f-4e7d-9a1c-69d8192c7ab3,16,0.50,1994017.946161516,TS1,Tissue Slide,95
8722d2ad-9d3b-4494-91a2-01483282c238,14,0.50,1984126.9841269844,TS1,Tissue Slide,85
09209dae-f21b-4bc2-a10c-6b71b3b273de,16,0.50,1994017.946161516,BS1,Tissue Slide,79
61c838db-9271-435a-a2a6-1e9b56fc984f,15,0.50,1994017.946161516,BS2,Tissue Slide,75
9f0893f7-3178-462f-bf82-0ac9f9745061,15,0.50,1994017.946161516,TS1,Tissue Slide,74
fa326d71-934b-493d-bb4e-22c211b246fd,15,0.50,1994017.946161516,TS1,Tissue Slide,80
48373d4a-d27a-415a-a35f-7a1fb33d0bfc,15,0.50,1994017.946161516,TS1,Tissue Slide,62
7afd9802-1b10-44eb-93fb-3cceabbc9071,16,0.25,3968253.9682539687,TS1,Tissue Slide,83
53e1db4e-1ff9-4223-910c-7b59365ca916,14,0.50,1994017.946161516,BS1,Tissue Slide,88
d504905b-eaee-4b18-90bf-74ade877cdb3,16,0.50,1994017.946161516,TS1,Tissue Slide,80
57964797-963f-41e0-b98c-7332c5a6d98a,15,0.25,4070004.07000407,TS1,Tissue Slide,88
d7bcb418-60fc-43df-a3a8-21ceff48c6da,16,0.50,1994017.946161516,TS1,Tissue Slide,78
3f380fc9-c671-4c78-bb2b-2cc584c399d2,17,0.25,3968253.9682539687,TS1,Tissue Slide,80
8ae8925d-b317-4e99-9e72-520a85ec2564,16,0.25,4061738.424045492,TS1,Tissue Slide,85
407f0a4a-fce7-4c4d-8638-04f78d0ce4dc,15,0.25,4070004.07000407,TS1,Tissue Slide,87
725ebad8-fcfe-40a7-bbbc-97983bccfdc9,16,0.25,4061738.424045492,BS1,Tissue Slide,85
7bdc080d-3707-411d-9bf0-d2f14feb567a,15,0.50,1994017.946161516,BS1,Tissue Slide,80
6dff98b6-5564-49fc-99a3-3dda29163bc4,15,0.50,1994017.946161516,BS1,Tissue Slide,70
8696084c-ae25-4d61-b012-d257cf6cd31d,16,0.25,4061738.424045492,TS1,Tissue Slide,100
497e059e-8f77-4661-b479-465afe486259,15,0.50,1994017.946161516,TS1,Tissue Slide,75
b35a7fee-33aa-4232-9e86-9a5416b210c6,17,0.25,4024144.869215292,TS1,Tissue Slide,65
722a1366-8d27-4b01-8883-5cb6d3e80ed5,15,0.50,1994017.946161516,BS1,Tissue Slide,70
cc5e90e1-536c-4abc-bf3a-75a54c74a680,15,0.50,1994017.946161516,TS1,Tissue Slide,55
0fae2ce8-409f-4b08-85ea-0814bd0b717d,15,0.50,1994017.946161516,TS1,Tissue Slide,74
0c2b1dba-9ddf-4776-87fa-4fac67e51046,16,0.25,4070004.07000407,BS1,Tissue Slide,85
42e04f98-e1fa-4f9b-9000-eba393401e1a,16,0.25,3968253.9682539687,TS1,Tissue Slide,60
f3c8d73d-faa7-4834-8d0e-0798159765e4,15,0.50,1994017.946161516,TS1,Tissue Slide,85
e51f4b02-098e-4de0-9abc-243f84c1de4e,15,0.50,1994017.946161516,BS1,Tissue Slide,90
a03a91fa-3e4f-4f94-8b09-57ac8a8998a5,16,0.25,4070004.07000407,BS1,Tissue Slide,70
72ad8e44-4620-4087-8e13-0cabd1f5bde6,15,0.50,1994017.946161516,BS1,Tissue Slide,75
c197de79-9a01-46fe-9353-c9cfaf95e348,17,0.25,4032258.064516129,TS2,Tissue Slide,85
17ace47f-5c4e-41fd-a223-434cb550163d,15,0.50,1994017.946161516,BS1,Tissue Slide,75
11c8c7c9-9c3d-451b-9b70-d34461a633b4,15,0.50,1994017.946161516,TS1,Tissue Slide,80
0cf2a901-6701-4c9f-8fb9-b1789988aff0,14,0.50,1994017.946161516,BS1,Tissue Slide,75
27a0e380-a605-418d-bbc9-e8d66d1d0875,15,0.50,1994017.946161516,BS1,Tissue Slide,75
eba0681f-c00f-4fd1-8088-b5d40e2910d2,16,0.50,1994017.946161516,TS1,Tissue Slide,80
241548d2-053d-43d0-a830-9c7c45f720dc,15,0.25,3968253.9682539687,TS1,Tissue Slide,85
65339802-ae0f-4b49-8d7a-cfe0c20aa6fe,17,0.25,4056795.131845842,TS1,Tissue Slide,65
02dfb857-d874-4b6c-a131-79f614b819e8,16,0.50,1994017.946161516,BS2,Tissue Slide,78
7fe9a002-a35d-4760-aae6-d5ebbdad7e1c,15,0.25,4070004.07000407,BS1,Tissue Slide,30
d6502821-db0f-45ce-964b-2d9943989505,17,0.25,4061738.424045492,TS1,Tissue Slide,80
3d5ec752-09fb-427c-bf74-40fd7d6030bb,17,0.25,4061738.424045492,BS1,Tissue Slide,88
5bafa20d-b23f-402e-a950-5ebd194f81bc,17,0.25,4070004.07000407,TS1,Tissue Slide,75
64c93e86-66d3-4e0c-8ac2-a3806bf98518,15,0.50,1994017.946161516,BS2,Tissue Slide,55
10eccddc-603f-4592-948b-ca2e397e766d,17,0.25,4051863.857374393,TSA,Tissue Slide,90
536e16c4-974e-46c5-b826-45ab4261202e,17,0.25,4051863.857374393,TS1,Tissue Slide,40
ec25fbd4-e332-4218-b920-21a9b9cb22cd,15,0.50,1994017.946161516,BS1,Tissue Slide,75
340b198d-fef6-465f-a28d-829f1e2e0af9,15,0.50,1994017.946161516,TS1,Tissue Slide,60
ade983b0-dcfc-49cf-979e-f4263b8ceca0,14,0.50,1994017.946161516,BS2,Tissue Slide,70
94caee0d-fc48-424e-95a2-850709d6a8e7,15,0.50,1994017.946161516,BS1,Tissue Slide,62
bd73458f-8622-46d4-86b3-213b8bb1a796,17,0.25,4071661.2377850167,TSA,Tissue Slide,50
b2dd6727-a97a-49db-9342-7d9748775312,15,0.50,1994017.946161516,BS1,Tissue Slide,75
50031276-21a2-4478-bc83-53a1abf6593a,14,0.50,1994017.946161516,BS1,Tissue Slide,90
4596ecf3-44a2-41d9-825a-dfb6f2b44099,15,0.50,1994017.946161516,TS1,Tissue Slide,80
c9ae96f9-5064-42db-bd60-248b7fe67216,17,0.25,3968253.9682539687,BS1,Tissue Slide,57
05194610-c32d-44db-be55-c38652d547b8,16,0.50,1994017.946161516,TS1,Tissue Slide,60
2049b327-828a-4de1-a901-906c269ea20f,14,0.50,1994017.946161516,TS1,Tissue Slide,70
efd65f69-0ff7-4f93-810b-94951cdf0dca,17,0.25,4032258.064516129,TS1,Tissue Slide,100
2a41b1da-72c5-44cf-b42b-050415c1812c,15,0.50,1994017.946161516,TS1,Tissue Slide,60
23f3c7e9-c07a-4e98-938d-6f910e2958fe,16,0.25,3968253.9682539687,BS1,Tissue Slide,50
e747b2ec-1027-4d5f-a06c-968a1a87404c,17,0.25,3960396.039603961,TS1,Tissue Slide,70
a64ca6ee-15c1-4909-8c69-2eda34797d66,16,0.25,3968253.9682539687,TS1,Tissue Slide,75
23aadee3-9c2c-422f-ae7c-1a98cac3c6bf,15,0.50,1994017.946161516,TS1,Tissue Slide,82
4498250b-1fc0-4450-870f-795fc61fb3af,14,0.49,2024701.356549909,TS1,Tissue Slide,75
7e459657-2a9c-4f9c-ae65-63a63ce5fd70,17,0.25,3960396.039603961,TS1,Tissue Slide,90
f5e9ee46-a02e-46db-98e7-9a2f2d360b38,16,0.25,3957261.574990107,TS1,Tissue Slide,100
08a978d1-b4c6-496b-8167-6ea6fbefeadb,15,0.50,1994017.946161516,BS1,Tissue Slide,65
74315ec6-cda4-4373-aa89-0ddbe494dd92,17,0.25,4051863.857374393,TS3,Tissue Slide,50
22c2afe1-4db0-4b16-b0b7-524764056c3b,14,0.50,1994017.946161516,BS1,Tissue Slide,75
1f5934fe-0d80-4ada-8939-28f317bd6db9,14,0.50,1994017.946161516,TS1,Tissue Slide,82
beb6179c-1f08-4c8e-9bc5-ef30d566a7f8,15,0.50,1994017.946161516,TS1,Tissue Slide,75
25855e91-3372-40d2-b541-b39c816e2570,16,0.25,3968253.9682539687,BS1,Tissue Slide,50
687dcc23-4b80-4314-a40b-154e59100b70,15,0.50,1994017.946161516,TS1,Tissue Slide,90
1c931470-0e80-4abd-8f7a-3ffd80b6adc3,17,0.25,4070004.07000407,BS1,Tissue Slide,70
8edee956-4521-403b-8322-f1c5da28e53b,15,0.49,2024701.356549909,TS1,Tissue Slide,75
8b41c417-79a1-42b0-95b2-dd790de6a81b,14,0.50,1994017.946161516,BS1,Tissue Slide,75
75b0a839-1875-4b6b-a20f-9b9bc10e63fe,15,0.50,1994017.946161516,TS1,Tissue Slide,80
084cc3ce-0c38-4683-9dd3-458632db13d8,17,0.25,4051863.857374393,TS2,Tissue Slide,35
6d6b5750-bee1-4838-8021-2f31b1446fcc,15,0.50,1994017.946161516,BS1,Tissue Slide,57
382aaa91-5bf9-4b32-b03d-e8900ad479ab,15,0.50,1994017.946161516,BS1,Tissue Slide,93
ea5f8d8c-0f7d-4ad6-8684-415eddddf0ec,14,0.50,1994017.946161516,TS1,Tissue Slide,90
6bb3cd42-78a3-47a3-8f06-70032748eb3e,15,0.50,1994017.946161516,TS1,Tissue Slide,85
836e2f05-8d82-4918-91f7-f7e094460131,17,0.25,4071661.2377850167,TS2,Tissue Slide,53
e2373eca-bf62-40fa-9a97-9f644f3524e1,16,0.25,3968253.9682539687,BS1,Tissue Slide,85
f27137fd-a634-48da-b52d-ad77949a1887,14,0.50,1994017.946161516,BS1,Tissue Slide,50
eac0b3dc-3dda-493f-81bc-84c8de54fd20,15,0.50,1994017.946161516,BS1,Tissue Slide,83
e5770ecb-9c64-4f69-b8e8-be38cbd2a9ee,15,0.25,3968253.9682539687,TS1,Tissue Slide,70
3f20294d-2b3a-4747-a280-8256ebae81df,17,0.25,4070004.07000407,BS1,Tissue Slide,60
1752c428-d71d-47ff-b159-8db3b3b59f70,16,0.25,3968253.9682539687,TS1,Tissue Slide,70
1d41c293-56aa-4adc-9425-7fa73ca1b1f4,15,0.49,2024701.356549909,TS1,Tissue Slide,92
ea0a0b8a-9c4b-410e-a9da-dde4469e0873,15,0.50,1994017.946161516,TS1,Tissue Slide,70
83025aac-cc7d-47fd-99fd-716b57c78f64,15,0.25,3968253.9682539687,BS1,Tissue Slide,61
0c66d649-79ae-4677-893d-e66fbcae5b04,17,0.25,4032258.064516129,TSC,Tissue Slide,85
3bbfc098-6a88-4d49-8ab6-a685b89d8cbc,15,0.50,1994017.946161516,BS1,Tissue Slide,95
c9d51e3a-0380-4cde-a9d1-f6eb3c5ee318,17,0.25,4051863.857374393,TS1,Tissue Slide,85
a17fb137-9cbd-4ce8-9339-21189eaaa858,14,0.49,2024701.356549909,TS1,Tissue Slide,80
b1dab73e-4d14-4f25-9c2a-b603cb388d92,15,0.50,2015722.6365652087,TS1,Tissue Slide,85
335bccf6-fe40-4a67-8163-b1477fa7559c,16,0.25,3968253.9682539687,TS1,Tissue Slide,65
0c851bd0-71e2-4459-8419-e3d0b8bbc67e,16,0.25,3968253.9682539687,BS1,Tissue Slide,70
0c6661f4-4f09-4381-b53b-6abfca07b6ac,15,0.50,1994017.946161516,TS1,Tissue Slide,80
c2433a99-e9bb-4769-9672-c017f69e98bf,14,0.50,1994017.946161516,TS1,Tissue Slide,83
267716f4-bdf0-442a-9713-e019ea4291cd,15,0.50,1994017.946161516,BS1,Tissue Slide,80
9c69a42f-d5a1-4f21-b189-7cfcc0f100f6,16,0.25,4061738.424045492,TS1,Tissue Slide,70
2101a6e8-e469-44eb-8a34-23a1c5145c13,16,0.50,1994017.946161516,BS1,Tissue Slide,60
513f5958-8ae8-4a46-acdc-30a64d3e2dc0,16,0.25,4070004.07000407,BS1,Tissue Slide,85
2bb8ee8b-26cd-4c7b-b945-02fc26176daf,16,0.50,1994017.946161516,BS1,Tissue Slide,75
0e8db78f-03d0-4b5c-97a8-14cc9b089688,16,0.50,1994017.946161516,BS1,Tissue Slide,65
d45bf6e2-90b7-43e7-b424-d0e3eb3c723a,16,0.25,4032258.064516129,TS1,Tissue Slide,85
aa6de894-1378-4494-bb0a-7b012d5b1f1e,17,0.25,4032258.064516129,TSA,Tissue Slide,67
46bc623b-dbec-451c-9905-e6940dcec2ee,15,0.50,1994017.946161516,BS1,Tissue Slide,92
817fa442-4cbb-46a1-92eb-33a060f13ee3,15,0.50,1994017.946161516,TS1,Tissue Slide,85
f6ad84fb-242f-4014-ad8c-206b0afdb883,15,0.50,1994017.946161516,BS1,Tissue Slide,70
a9c1a560-4d0b-4c81-8360-d5bfb017cd5e,16,0.25,4061738.424045492,TS1,Tissue Slide,67
e50c8ffa-3837-482e-aba3-044779fe759d,15,0.49,2024701.356549909,BS3,Tissue Slide,85
ad24df56-be07-41ea-be4a-75153786f7cc,16,0.25,3968253.9682539687,BS1,Tissue Slide,70
c451f951-74a9-4bb0-a520-b2d4333e2785,15,0.50,1994017.946161516,TS1,Tissue Slide,87
a9fa5b0d-512e-4077-bfe9-31fa60bbaca1,14,0.50,1994017.946161516,TS1,Tissue Slide,90
597e2551-e42b-49bc-8cf5-e53f3664dc25,15,0.50,1994017.946161516,TS1,Tissue Slide,75
7d850e92-5e83-4561-85d6-3e9e502ea1e1,15,0.50,1994017.946161516,BS1,Tissue Slide,75
3d97606a-004b-4700-8bc0-4717a277e1ff,16,0.50,1994017.946161516,BS1,Tissue Slide,90
302daca6-4dfd-459d-bac4-7595de3b9faa,14,0.50,1994017.946161516,BS1,Tissue Slide,75
9c902a80-e0b2-4d8c-83b8-2eed90f0ad72,16,0.25,3968253.9682539687,TS1,Tissue Slide,85
6232f7d4-93a8-48d4-b82f-57f4540cfc49,15,0.50,1994017.946161516,BS1,Tissue Slide,55
8297a540-8031-4283-ab30-02aa6f49e891,15,0.50,1994017.946161516,BS1,Tissue Slide,68
beb5dd8c-c926-4511-a416-b5488edf59c3,15,0.50,1994017.946161516,BS2,Tissue Slide,89
467a53e8-6ebd-49f6-acd9-63c33b2a51f4,14,0.50,1994017.946161516,BS1,Tissue Slide,80
3c318bf8-46b0-46d9-b425-d6623a1e2d6a,17,0.25,4051863.857374393,TS3,Tissue Slide,45
dccb863c-ccef-4cbc-8ec5-32f73e45032c,15,0.50,1994017.946161516,BS1,Tissue Slide,77
f586f56b-f1dd-4547-a4bf-24e1ce276950,14,0.50,1994017.946161516,TS1,Tissue Slide,40
e8697c41-51c8-46de-83f9-75719ac9b0d3,14,0.49,2024701.356549909,BS2,Tissue Slide,90
8f24d44c-17c9-4e19-952b-25f6ead72682,15,0.50,1994017.946161516,TS1,Tissue Slide,82
937d2a58-1995-469d-980a-27c67c3e60ca,14,0.49,2024701.356549909,BS2,Tissue Slide,55
03686e1e-ad52-404b-a277-47067b6bc2f7,15,0.50,1994017.946161516,BS1,Tissue Slide,82
8bca45ed-23e1-4ec0-a573-845ee6b98541,16,0.50,1994017.946161516,BS1,Tissue Slide,85
47ac50d8-84ef-49b3-ad2b-37abd4b0324e,16,0.50,1994017.946161516,BS1,Tissue Slide,40
651482c4-05e2-4386-aa29-a17769989711,15,0.50,1994017.946161516,BS2,Tissue Slide,35
e938ee7e-012c-4e44-b01e-490f9f50b513,14,0.50,1994017.946161516,TS1,Tissue Slide,76
1305f997-1737-4143-aa41-73e859d02b6b,15,0.50,1994017.946161516,TS1,Tissue Slide,70
fea47e88-ed24-426d-9a65-9940fd33f016,17,0.25,4051863.857374393,TS1,Tissue Slide,90
549c9e48-cd44-4d06-86eb-7fd6d88340b0,15,0.50,1994017.946161516,TS1,Tissue Slide,88
8280c244-82f5-47fc-a53b-4a69cafb722f,17,0.25,3960396.039603961,TSA,Tissue Slide,55
4c12696e-1bba-49e9-807a-dbe5c6886380,17,0.25,4056795.131845842,TSD,Tissue Slide,60
0fa61cf5-620d-4eed-8289-a773702795c3,16,0.25,4061738.424045492,TS1,Tissue Slide,85
041754d5-d79d-482d-ab3a-b3cc2ba9d19d,15,0.25,3968253.9682539687,BS1,Tissue Slide,65
4abe0192-9af9-4e05-8c6d-68d4fb4d3c6b,17,0.25,3960396.039603961,TS1,Tissue Slide,60
6da254d0-e5c2-4133-8c3c-b8c31697b565,14,0.50,1994017.946161516,TS1,Tissue Slide,55
2298aebf-c02a-42d6-8d1a-c8f5ae885d6f,16,0.50,1994017.946161516,TS1,Tissue Slide,95
ae3439ad-51ca-469c-92e6-c3f7df9dec6f,17,0.25,4061738.424045492,BS1,Tissue Slide,60
8bfb8aea-55eb-4e15-98fa-53e90cdde217,15,0.25,4061738.424045492,TS1,Tissue Slide,65
cbfcdfcd-5ef5-49c1-af17-fc80193cd063,16,0.50,1994017.946161516,TS1,Tissue Slide,65
5ff2f123-731d-488a-852e-8db59bbb51f4,16,0.25,4070004.07000407,TS1,Tissue Slide,100
daba85c3-a5d7-4b21-aa1a-c04c89960646,15,0.50,1994017.946161516,BS1,Tissue Slide,75
d0df7452-ff3a-4563-a348-1db77381c29d,14,0.50,1994017.946161516,BS1,Tissue Slide,60
68ea3f6b-df81-4f87-9e06-388bb786ffae,15,0.49,2024701.356549909,TS1,Tissue Slide,80
de9f1730-ac40-4401-9a9b-4855748dac58,15,0.49,2024701.356549909,TS1,Tissue Slide,65
16017d53-42b4-4caf-884c-cd4959748bd7,17,0.25,4056795.131845842,TS3,Tissue Slide,80
623f5e41-bfa2-4fd1-b451-1db2eb68bab0,15,0.50,1994017.946161516,BS1,Tissue Slide,76
3236a253-1fa4-497e-8e0e-7a99ba5d353c,16,0.50,1994017.946161516,TS1,Tissue Slide,75
48b315f4-ba74-495c-9b9b-78e24d62f6f9,16,0.25,3968253.9682539687,BS1,Tissue Slide,95
d9a18bbc-d004-47ae-ae0c-d33e6fb6bf6d,16,0.25,4061738.424045492,TS1,Tissue Slide,80
1cddafd7-a284-4310-b6ea-2f3376393733,17,0.25,3968253.9682539687,TS1,Tissue Slide,60
ff64d80c-699f-4aea-97c9-943ea916e8b1,15,0.50,1994017.946161516,TS1,Tissue Slide,75
63ea801b-f221-428d-8590-7ef5af6675db,15,0.50,1994017.946161516,TS1,Tissue Slide,70
79264ea9-8207-4230-b75f-1fe3397eccf7,15,0.50,1994017.946161516,TS1,Tissue Slide,60
2bd4ed18-519a-4534-b82c-9edfe2278369,16,0.25,3968253.9682539687,BS1,Tissue Slide,15
51ffe054-ff4f-4b70-868d-d392d8f8b103,14,0.50,1994017.946161516,TS1,Tissue Slide,85
fbf88f33-0935-4377-885b-15a9f068d91d,17,0.25,4070004.07000407,BS1,Tissue Slide,70
59b62014-eef5-475e-a5b5-61ec34cba7cc,15,0.50,1994017.946161516,TS1,Tissue Slide,75
0b7181dd-1132-483b-bb63-8f783701452c,15,0.50,1994017.946161516,TS1,Tissue Slide,60
ffd7fa3d-f0dc-4d23-b989-52abc8cbbb13,17,0.25,4051863.857374393,TSA,Tissue Slide,95
5541d4e9-6cee-453d-b4b5-0c96e3993342,15,0.50,1994017.946161516,BS1,Tissue Slide,87
2df06520-0d20-4277-a15d-d9e4ab55dfce,16,0.25,3968253.9682539687,TS1,Tissue Slide,70
2dc1fe9c-615e-4cc8-8dfe-e044363af7ff,16,0.25,4061738.424045492,TS1,Tissue Slide,72
949faa78-003b-48be-8427-62a06e168899,18,0.25,4032258.064516129,TSA,Tissue Slide,80
f0a3429f-08f0-4448-b5b2-b667ccf10cd7,16,0.25,3968253.9682539687,BS1,Tissue Slide,67
7d930307-2ef7-4421-9f59-1b52d2d5503b,16,0.25,4061738.424045492,BS1,Tissue Slide,77
877995e1-c4cf-4439-9a8f-e99ea5b58166,15,0.50,1994017.946161516,TS1,Tissue Slide,85
389f0a3c-b8f3-41a6-a637-45b8071729bf,16,0.50,1994017.946161516,BS2,Tissue Slide,50
efd8ea64-0f6e-474b-87f7-7de0c4c66f2a,15,0.49,2024701.356549909,TS1,Tissue Slide,88
8d111769-bfcd-4d44-a5e2-81dc7ca0eff5,17,0.25,4024144.869215292,TSA,Tissue Slide,85
597bd6fc-513c-45b0-8a3e-8ede3e04e76d,15,0.50,1994017.946161516,BS1,Tissue Slide,70
dd0ddab9-0cd9-42a7-a743-0c9862e57705,17,0.25,4056795.131845842,TS1,Tissue Slide,70
d800b1a0-bf07-4b41-a14e-b64293f80225,15,0.50,1994017.946161516,BS1,Tissue Slide,70
2bf7c1dd-5ffc-4e5d-9ba1-ec13b48dcfb9,15,0.50,1994017.946161516,BS1,Tissue Slide,75
9204c0ae-4bd6-4088-9b0d-8e3ed14dd91c,17,0.25,3968253.9682539687,BS1,Tissue Slide,72
8de8df9d-74aa-4196-a9b7-485250c725cd,14,0.50,1994017.946161516,TS1,Tissue Slide,90
c2306012-9d45-4d77-81ac-696fb079549e,14,0.49,2024701.356549909,TS1,Tissue Slide,80
d926be00-b61f-4fff-b319-f1cf56638bff,17,0.25,4032258.064516129,TSA,Tissue Slide,98
7bbbfb5c-5da9-4a35-ba71-1aa3df745ba6,15,0.50,1994017.946161516,BS1,Tissue Slide,92
35b0984a-1453-4a21-96f5-4de383c5fd65,17,0.25,4071661.2377850167,TS1,Tissue Slide,42
121d676d-8e1b-448f-952b-64b6497d3e0a,17,0.25,4070004.07000407,BS1,Tissue Slide,72
b4ba1f09-452a-4799-ae49-d56a8bc7bfc4,16,0.50,1994017.946161516,BS1,Tissue Slide,55
757fab61-f446-48f5-8bee-e9b20abec7ab,17,0.25,4061738.424045492,TS1,Tissue Slide,85
ccbd3a43-e5a3-4361-9235-108df9011c1c,17,0.25,4051863.857374393,TS3,Tissue Slide,40
66522952-c508-4b42-b58b-15a15963d3a7,17,0.25,3968253.9682539687,BS1,Tissue Slide,65
f9a349ba-a21a-4c37-8bd4-618b9403749b,14,0.49,2024701.356549909,TS1,Tissue Slide,80
4043b5ba-2999-4813-8ad9-9c20eb72f960,17,0.25,4051863.857374393,TSA,Tissue Slide,85
29632118-8124-44fc-bce7-b36fc59363e6,15,0.50,1994017.946161516,BS1,Tissue Slide,92
eda9af76-faff-42d2-a1ec-d7b93207cb5a,14,0.50,1994017.946161516,TS1,Tissue Slide,95
e2e7032f-a5c6-48cb-acc3-9ca4b9187165,15,0.50,1994017.946161516,BS1,Tissue Slide,82
d4ccbe1e-3e34-4e63-8fec-3e58646154f3,17,0.25,4032258.064516129,TSA,Tissue Slide,60
928e8c72-58c3-4f38-b853-4a8b7c3b078e,16,0.25,4061738.424045492,BS1,Tissue Slide,82
10022aad-4d3b-44fb-9cfb-a1685223fb8b,14,0.50,1994017.946161516,TS1,Tissue Slide,60
0a15d5e0-9f9b-4fda-a7a1-c86ce660cf47,17,0.25,3968253.9682539687,BS1,Tissue Slide,45
598806bd-638f-416b-abc9-a52a250ce0c8,16,0.25,3968253.9682539687,TS1,Tissue Slide,100
709a8692-3588-4efb-8e3b-3c4ec4447306,16,0.25,3968253.9682539687,TS1,Tissue Slide,60
d79e67c6-cf92-4e27-9d96-5cf1b2d77fc9,17,0.25,4051863.857374393,TS3,Tissue Slide,70
22147bb0-6043-4b6f-b77c-78c3700e0599,16,0.25,3968253.9682539687,TS1,Tissue Slide,70
470076a6-2151-4bfc-b28b-ce0504e147cf,15,0.50,1994017.946161516,TS1,Tissue Slide,65
79ead8ab-d1e1-4ede-a515-7ecd479e6b70,16,0.50,1994017.946161516,TS1,Tissue Slide,62
e7d8d2aa-0624-47d3-88ab-d75dbc3b699c,14,0.50,1994017.946161516,TS1,Tissue Slide,65
1ebb5507-30fc-4721-b532-ad67139c9207,15,0.50,1994017.946161516,TS1,Tissue Slide,70
87783928-fe88-4fcc-8da7-d86850228953,15,0.50,1994017.946161516,BS2,Tissue Slide,85
bf25a717-4902-40a5-a522-ed1fe1726cad,17,0.25,4024144.869215292,TSA,Tissue Slide,100
19c4eb67-7dfb-4a07-8729-597091a9f41f,15,0.50,1994017.946161516,BS1,Tissue Slide,90
d1660fca-b45b-4207-ba09-a7a849ea17f1,17,0.25,4024144.869215292,TSB,Tissue Slide,35
7669a945-285d-429d-8af8-c76f4b386779,15,0.50,1994017.946161516,BS1,Tissue Slide,80
e4d9dbee-1b1d-4097-9fbb-5156bc7c102e,17,0.25,4056795.131845842,TS1,Tissue Slide,30
619e5223-7b8a-4908-bce6-620cb1434ff8,15,0.50,1994017.946161516,BS1,Tissue Slide,74
50f0bf09-ebb3-4399-b75d-122e25934d04,15,0.50,1994017.946161516,BS1,Tissue Slide,65
ea98bab6-d408-4e1e-90ae-99374df3291a,15,0.50,1994017.946161516,TS1,Tissue Slide,80
2a53877c-39c8-410f-82c5-8d8aa6bab696,15,0.50,1994017.946161516,TS1,Tissue Slide,70
b10a877f-19fe-48f6-a9a4-f3f576b2c4bd,17,0.25,4051863.857374393,TSA,Tissue Slide,25
b3c0b7a2-7476-4158-a1ad-db706b04c969,15,0.50,1994017.946161516,BS1,Tissue Slide,70
f7b18900-7ea6-4d49-9a07-400c4bfa0a4a,15,0.50,1994017.946161516,TS1,Tissue Slide,60
c10a4c72-b700-4757-9030-cc74d53a8fa8,15,0.50,1994017.946161516,TS1,Tissue Slide,70
bb4493d6-f628-4bf7-a0a8-658340a97723,16,0.25,3968253.9682539687,TS1,Tissue Slide,80
e1ebef9c-0f3c-4248-b7a0-c76581f6637c,17,0.25,4056795.131845842,TS1,Tissue Slide,25
da06993a-72bd-43b6-a9a5-b18954583a53,16,0.25,3968253.9682539687,TS1,Tissue Slide,77
9f08e51d-f3dc-426b-ad43-740a20e8ef55,17,0.25,4061738.424045492,BS1,Tissue Slide,80
7d6a4cfa-006a-463c-829b-b3c51e529c90,17,0.25,4070004.07000407,TS1,Tissue Slide,67
c6607558-a740-46b3-8f35-67cdb467e0f7,15,0.50,1994017.946161516,TS1,Tissue Slide,75
52a92622-3d65-4c64-a636-54a282bded61,14,0.50,1994017.946161516,TS1,Tissue Slide,87
c68e35a7-74e0-4ce4-aebd-c91a0ea60c12,17,0.25,4051863.857374393,TS1,Tissue Slide,100
9b3ab1e9-a3ca-4adc-995c-6f533701b692,16,0.50,1994017.946161516,BS1,Tissue Slide,60
41be1cdc-9f20-4b2d-bdf5-d098ef03fce8,16,0.50,1994017.946161516,TS1,Tissue Slide,60
ead99649-0ede-46be-8829-0bdf78b1d50a,17,0.25,4051863.857374393,TS1,Tissue Slide,95
dc4865bf-784c-4d88-8c0a-84026c371fa9,14,0.50,1994017.946161516,TS1,Tissue Slide,70
1462fc02-534c-4f4e-a63a-f8ac4c7d6c47,14,0.50,1994017.946161516,BS1,Tissue Slide,80
1fc2b7c8-f091-4020-a2f3-8fe34284c41d,14,0.50,1994017.946161516,TS1,Tissue Slide,70
716f3fc5-18d1-4c17-ac95-5eb7085e7da7,16,0.25,3968253.9682539687,BS1,Tissue Slide,30
660c880b-d78b-4b8b-aceb-5dc7c8e4a3f1,17,0.25,4051863.857374393,TS1,Tissue Slide,98
4049f0a5-6d9a-4e95-ae2d-769cf589d085,14,0.50,1994017.946161516,TS1,Tissue Slide,75
f2187d18-a0a0-481d-8904-caf6c128e8b4,16,0.25,3968253.9682539687,BS1,Tissue Slide,100
2e5adec2-c314-4c73-a622-d2a3f3fd2b1a,17,0.25,4070004.07000407,TS1,Tissue Slide,60
0411331b-37ee-4180-a112-e04ece8b560d,15,0.50,1994017.946161516,TS1,Tissue Slide,85
35e34d64-5c3b-4e5e-beed-5937ace37003,17,0.25,4051863.857374393,TS1,Tissue Slide,50
3335b9bd-6cc4-462c-afe6-69ab52f6427e,17,0.25,4032258.064516129,TSB,Tissue Slide,65
3d39a269-9fc9-4ac1-8ad0-b38e989f0f82,17,0.25,4056795.131845842,TS1,Tissue Slide,93
646e7901-fcb6-4643-9043-ff1d119a72d1,16,0.50,1994017.946161516,BS1,Tissue Slide,55
d8a532bd-4de2-43cb-ad1c-f07935475176,15,0.50,1994017.946161516,BS1,Tissue Slide,77
23db1188-3f2e-4901-b7c8-fbc597f783d6,17,0.25,3957261.574990107,TS3,Tissue Slide,83
3dc02d51-db3b-49fe-ae22-06dc6173df1e,15,0.50,1994017.946161516,TS1,Tissue Slide,85
abde50a7-fd1d-4ba9-94fc-7e22bfe8b26e,15,0.50,1994017.946161516,TS1,Tissue Slide,90
26f9ad87-4028-4193-8fab-227002c6ec6e,16,0.25,3968253.9682539687,TS1,Tissue Slide,85
7a0303d5-5b69-438f-8821-e5445df62aa0,16,0.50,1994017.946161516,BS1,Tissue Slide,70
84b29747-f504-4c15-a0e1-15fefd70c170,14,0.50,1994017.946161516,TS1,Tissue Slide,85
72385d8f-5167-4a98-87cb-941d37837814,15,0.50,1994017.946161516,TS1,Tissue Slide,66
20c3b736-10fd-404b-a6d9-6c50d7b6f4e1,16,0.50,1994017.946161516,TS1,Tissue Slide,92
98ae05a6-bdd6-4154-b28e-607e7dfbb5ab,17,0.25,4051863.857374393,TSA,Tissue Slide,50
c5552ac1-4cc7-4523-80c9-1adf7bd873d2,17,0.25,4071661.2377850167,TS1,Tissue Slide,70
18e5fbcd-994d-4346-be01-ecbc7d1078f3,17,0.25,4032258.064516129,TS1,Tissue Slide,25
e4f14eec-b314-4d23-82d6-9a65d66e2b96,14,0.50,1994017.946161516,BS1,Tissue Slide,55
116e2922-d185-4def-9afa-0b74de31ded3,17,0.25,4070004.07000407,TS1,Tissue Slide,65
5c8c6d96-0da9-4a8e-b461-d54e07ace530,16,0.50,1994017.946161516,BS1,Tissue Slide,85
8d7be88f-afc0-45f8-8e71-4f749323d33f,15,0.50,1994017.946161516,TS1,Tissue Slide,100
eb24c453-8bfc-4631-9c78-f7f2b807bc83,15,0.50,1994017.946161516,BS1,Tissue Slide,65
5874a718-c8d4-4f19-95fd-aad7d659f2ac,15,0.25,4061738.424045492,TS1,Tissue Slide,85
4550f551-358d-4b08-95ef-59edb14ea925,17,0.25,4070004.07000407,TS1,Tissue Slide,65
fd665da2-25b0-471b-9424-9a8511074f8c,16,0.25,3968253.9682539687,TS1,Tissue Slide,73
2c655514-03b1-4d3b-9b93-f9ab2ff1f070,14,0.50,1994017.946161516,BS1,Tissue Slide,45
2a92ba53-6122-4981-9c10-d0cb3be3562f,15,0.50,1994017.946161516,BS1,Tissue Slide,72
ced97fe7-2662-4300-8089-e885cd49ea5f,17,0.25,4051863.857374393,TS1,Tissue Slide,60
47783cb8-b1ce-48af-a3b6-55e583e728da,15,0.50,1994017.946161516,BS1,Tissue Slide,65
1821d1e6-b694-4de5-bfc3-a22bdb701f0d,16,0.50,1994017.946161516,BS1,Tissue Slide,62
88ae3134-5c53-4595-95df-0990893736d5,17,0.25,4056795.131845842,TSA,Tissue Slide,60
fd63dfd1-9d6c-4b0c-a415-31e079d89626,15,0.50,1994017.946161516,BS1,Tissue Slide,84
024a03b6-7f8e-43af-92a9-a66413a66cfc,14,0.50,1994017.946161516,BS1,Tissue Slide,72
45e5037d-f23c-46b5-8208-6099645d7c82,14,0.50,1994017.946161516,TS1,Tissue Slide,87
8e13b1a3-5519-4efa-9cf7-9cb2711f1a08,15,0.50,1994017.946161516,BS2,Tissue Slide,60
9bc20dd2-cb38-476e-b89e-2852b7426df7,17,0.25,4024144.869215292,TS1,Tissue Slide,100
4a14f117-5023-4f21-ba7a-4d4852ace7b7,15,0.49,2024701.356549909,TS1,Tissue Slide,100
cf2c39f2-67f0-4243-b2db-f4fa0d81805d,15,0.50,1994017.946161516,BS1,Tissue Slide,75
234d4677-a050-41e6-9704-c000e2c85b7d,14,0.50,1994017.946161516,TS1,Tissue Slide,80
d35ea639-6964-4773-b04b-9998fb688a45,15,0.50,1994017.946161516,TS1,Tissue Slide,70
c49f7db9-09f9-43b6-820b-0782d0102f7d,17,0.25,3968253.9682539687,TS1,Tissue Slide,70
75e7b55e-2f9f-4c7c-a2a1-ee657b4a1627,15,0.25,4061738.424045492,BS1,Tissue Slide,85
70d872c6-9c83-49b6-a2d8-a5aea8dadc85,15,0.25,3968253.9682539687,BS1,Tissue Slide,70
d3ff1a32-98e8-43ff-b0ab-b50dc50ada1f,15,0.50,1994017.946161516,TS1,Tissue Slide,70
da15639b-6a3e-470e-8c7d-ef3cc1f687e0,15,0.50,1994017.946161516,BS1,Tissue Slide,60
72337dfb-6d8c-44a4-9b22-e656cf15f810,17,0.25,4061738.424045492,TS1,Tissue Slide,80
9aa991ab-7493-4fa4-97f6-fe1397d1711b,16,0.50,1994017.946161516,TS1,Tissue Slide,65
7ddfe135-5b52-4233-bb3f-3bfeb316bf58,15,0.50,1994017.946161516,BS1,Tissue Slide,70
346c52fd-5b22-4f63-b1c1-63e945d83b04,15,0.50,1994017.946161516,TS1,Tissue Slide,70
979ae005-74f6-4f9b-a48a-78eef2fbce06,15,0.50,1994017.946161516,BS1,Tissue Slide,75
7c3ac6d1-6d86-4a7d-be70-a6ee283d28ec,15,0.25,4061738.424045492,TS1,Tissue Slide,62
53b05ef4-db56-4cc1-a379-f98ac851a97f,17,0.25,4024144.869215292,TS1,Tissue Slide,85
55f71171-3b8e-4c27-bed4-a0899d0db5d6,17,0.25,4056795.131845842,TS2,Tissue Slide,60
bc589465-32ab-406a-94b1-ed48f412f2d9,15,0.50,1994017.946161516,TS1,Tissue Slide,85
8915c2c0-e24c-4123-928d-287389040f93,15,0.50,1994017.946161516,BS1,Tissue Slide,75
6ed6b818-a632-4ac8-9ca2-36e375a27eb4,17,0.25,4056795.131845842,TSA,Tissue Slide,75
5c7a044d-c277-41da-8731-72f04a4b4b1a,17,0.25,4051863.857374393,TS1,Tissue Slide,80
6a6ff766-fe4d-4345-aea7-dc4fcdf9da50,15,0.50,1994017.946161516,TS1,Tissue Slide,69
0a3ae712-28d7-489e-a08a-9d51c387bf24,15,0.49,2024701.356549909,TS1,Tissue Slide,95
63cfde3b-cafa-4a44-b7fb-2d6082086287,15,0.50,1994017.946161516,BS1,Tissue Slide,70
f3535c04-5225-49ca-9063-71084fa6a38e,15,0.50,1994017.946161516,BS1,Tissue Slide,80
6a5e649c-630a-4123-a1d1-05c36d99f009,15,0.50,1994017.946161516,TS1,Tissue Slide,90
c0a9232a-91f3-43e4-bd0c-7fdd39406dfa,18,0.25,4051863.857374393,TSB,Tissue Slide,75
f2ef9617-eb5e-44b7-9dcb-0ddc30a7da4f,14,0.50,1994017.946161516,BS1,Tissue Slide,60
f3ab8928-43ef-4547-ba15-7c99c8575f73,16,0.50,1994017.946161516,BS1,Tissue Slide,85
bea92a22-b1d4-4910-b8b6-4f32ae76669d,18,0.25,4071661.2377850167,TSD,Tissue Slide,50
98a0ef2c-ee7d-4bbc-b650-50d64bc55f28,16,0.25,4061738.424045492,BS1,Tissue Slide,75
21afec80-fcd1-4942-8dd7-c16f0a089abe,17,0.25,4051863.857374393,TS1,Tissue Slide,50
f5edb188-4d11-4f5d-8218-4e11641a655e,15,0.49,2024701.356549909,TS1,Tissue Slide,80
5a291504-e746-45bc-82d2-07f32298a716,15,0.49,2024701.356549909,TS1,Tissue Slide,52
7a973143-c8d2-4fc5-81d2-26e6d20b866a,15,0.49,2024701.356549909,BS1,Tissue Slide,52
4b3e44c3-995d-42b1-9e5e-f8f868399c98,15,0.25,4070004.07000407,BS1,Tissue Slide,70
ec717e8c-4bc2-459c-8776-2be66f46ad0b,14,0.50,1994017.946161516,TS1,Tissue Slide,75
76467b8a-70f7-43f1-a950-3063cfb2e336,15,0.50,1994017.946161516,BS1,Tissue Slide,85
601ecfa8-f23b-44d5-8265-4c8de8d124a7,15,0.50,1994017.946161516,TS1,Tissue Slide,90
249fc0c4-13d3-4f7d-bfee-3654114ded37,16,0.50,1994017.946161516,BS1,Tissue Slide,89
aea221ca-9ed0-4b3a-944d-03df68678ca5,14,0.50,1994017.946161516,TS1,Tissue Slide,82
627995de-1638-487b-a47a-fa0482765e6c,16,0.25,4070004.07000407,TS1,Tissue Slide,65
62144bf3-6949-4392-b208-9c679403c77d,14,0.49,2024701.356549909,TS1,Tissue Slide,80
6d7279f8-1e30-4d78-8787-cb13c7f7b245,16,0.50,1994017.946161516,BS1,Tissue Slide,90
bace0f6b-0bef-4db3-bcdd-2019c172a5da,15,0.25,4070004.07000407,BS1,Tissue Slide,95
a5399ae3-b8c8-4593-8781-2b6d9618190e,14,0.50,1994017.946161516,BS1,Tissue Slide,45
e5fa0c10-b671-4bfb-a8ac-05b5f22ca7df,14,0.25,3968253.9682539687,TS1,Tissue Slide,100
fd2c9b03-fc10-48c6-a202-394d84f53ce1,16,0.25,3968253.9682539687,TS1,Tissue Slide,90
c5303969-665f-406d-810d-1aaefd3311e9,15,0.50,1994017.946161516,TS1,Tissue Slide,65
f1b74edc-5117-4923-b156-91f04233adf0,15,0.50,1994017.946161516,BS1,Tissue Slide,75
b38ef0fa-4b05-4756-9e07-bf1bcf3d2cff,17,0.25,4024144.869215292,TS1,Tissue Slide,70
fb8149b6-a979-4f20-aa76-116605f6bd4f,15,0.50,1994017.946161516,TS1,Tissue Slide,75
2363c7b8-559e-4fb0-8663-045fe6554916,14,0.50,1994017.946161516,BS1,Tissue Slide,87
59d94c79-9fea-4221-b8f3-cc9b5b311cb2,14,0.49,2024701.356549909,TS1,Tissue Slide,85
fc2874b0-b288-4b5d-a773-9e4c66e3df57,16,0.50,1994017.946161516,BS1,Tissue Slide,45
d802f40c-f641-4ab0-9ec9-961b2a8665d5,15,0.50,1994017.946161516,TS1,Tissue Slide,57
80006f06-70bc-4da0-95bf-af2804e08d8f,16,0.50,1994017.946161516,TS1,Tissue Slide,88
acdc782f-0324-4035-8d81-b738f3eea6e4,16,0.25,3968253.9682539687,BS1,Tissue Slide,72
1971eea0-ab5e-4e66-bd55-d15e260e11ee,17,0.25,4051863.857374393,TSB,Tissue Slide,60
452079b0-75fa-4994-ba8c-642748dae0b9,17,0.25,4051863.857374393,TSA,Tissue Slide,100
8edff6e2-127c-4ef1-a16e-644da07f8d51,17,0.25,4032258.064516129,TS1,Tissue Slide,85
9e143daa-a748-407d-ad7c-5dbb50871667,16,0.25,4061738.424045492,BS1,Tissue Slide,89
6631544e-cc19-4ef8-9f7b-33da771ad207,14,0.50,1994017.946161516,TS1,Tissue Slide,60
dcf86d8a-6dc0-4d12-9e32-86ab23343c64,15,0.50,1994017.946161516,TS1,Tissue Slide,85
e9e80790-1b10-4a34-9a7e-7a66d80940e2,14,0.49,2024701.356549909,TS1,Tissue Slide,70
cae59614-1493-4c6b-ab8a-79608027557c,17,0.25,4056795.131845842,TS1,Tissue Slide,75
7701f57e-f2c2-4731-9d52-c98c2b84c891,17,0.25,4056795.131845842,TS1,Tissue Slide,80
f3294c2c-d64b-4b94-9517-add2b7c71698,17,0.25,4032258.064516129,TS1,Tissue Slide,70
3f914b04-df65-4d7d-b9eb-05ba803c16e2,15,0.50,1994017.946161516,TS1,Tissue Slide,79
1226806c-6942-430b-956f-692ca850c140,15,0.50,1994017.946161516,BS1,Tissue Slide,70
e3ef5076-bf8e-4255-8b64-ed63dd3051d7,15,0.50,1994017.946161516,BS1,Tissue Slide,83
1ad2cac8-2b5d-4c9c-a060-1c7c5fcbc666,15,0.50,1994017.946161516,BS1,Tissue Slide,89
0a40f679-2a3f-42b9-a927-11e7b3500624,15,0.50,1994017.946161516,TS1,Tissue Slide,83
d160a68a-98ba-45ae-b422-c6fea63f976d,15,0.50,1994017.946161516,BS1,Tissue Slide,72
60162d8e-8d56-47f4-94ea-8c38231be0bc,18,0.25,4051863.857374393,TS1,Tissue Slide,80
a5c5559a-7911-478c-a5f6-764044f16458,15,0.50,1994017.946161516,BS2,Tissue Slide,70
6e33584f-4052-45c2-b127-a44f99b93d87,15,0.25,3968253.9682539687,BS1,Tissue Slide,95
8d029919-e770-49aa-8996-dae04ac3fcb7,17,0.25,4070004.07000407,BS1,Tissue Slide,55
8dff2b26-88e3-4f4b-850e-4f01e7e92533,15,0.50,1984126.9841269844,BS1,Tissue Slide,76
5feca5b6-3dd7-49d8-aabb-c23cd15bf174,16,0.25,3968253.9682539687,TS1,Tissue Slide,93
2f7d3a64-7cfc-4825-abc7-1b77cd3bc69f,15,0.50,1994017.946161516,BS1,Tissue Slide,81
3972c69b-93e0-44d3-8e0b-a4e1634a175d,17,0.25,4051863.857374393,TSB,Tissue Slide,90
cc76a6a0-c7ec-4e74-9e08-a0aac9dd0f4d,14,0.50,1994017.946161516,BS2,Tissue Slide,70
4ea040ec-efbf-408a-9f02-53711de9c70e,17,0.25,4070004.07000407,BS1,Tissue Slide,60
cc614f27-1ac4-48e6-9d53-af8d4b00e571,14,0.49,2024701.356549909,TS1,Tissue Slide,80
417e444e-3cda-4862-9c3f-f012a26b848e,17,0.25,4070004.07000407,TS1,Tissue Slide,60
2e492093-54b3-4bc6-8a23-af1b10d1527c,16,0.25,3957261.574990107,TS1,Tissue Slide,70
529e19b2-80fb-4612-af33-78a3379d8e3e,15,0.50,1994017.946161516,TS1,Tissue Slide,92
bcfa1fd0-a60d-4305-8c8c-4b28e0dd9ca5,16,0.50,1994017.946161516,TS1,Tissue Slide,80
5f15485e-9cbe-4c09-beee-f2bc7f4660a9,15,0.50,1994017.946161516,TS1,Tissue Slide,80
9279a82d-c675-40af-8d06-79438650028a,15,0.50,1994017.946161516,TS1,Tissue Slide,75
ae4a5d27-22e4-4e3b-ac8b-bd54c2740f80,17,0.25,4056795.131845842,TS1,Tissue Slide,75
954ee373-cb04-4f82-ab68-45d34586b886,16,0.25,4070004.07000407,BS1,Tissue Slide,86
0d96e62d-3084-4103-a6f9-ca870bab51c6,14,0.50,1994017.946161516,TS1,Tissue Slide,80
ba917be2-e1bf-448a-8ec3-20965e3e02de,16,0.25,3968253.9682539687,TS1,Tissue Slide,85
6aa1cf28-ff5f-47a9-85c4-bb4679ce6726,15,0.50,1994017.946161516,TS1,Tissue Slide,80
2c80479c-c630-498f-a137-7c5bcf52bd1f,17,0.25,3968253.9682539687,BS1,Tissue Slide,60
373ebfd8-8521-4232-80b8-ceeefd6c40ab,14,0.50,1994017.946161516,TS1,Tissue Slide,91
891d0ac6-31d4-47fa-81ee-08b0e75934a9,15,0.50,1994017.946161516,TS1,Tissue Slide,85
5848dbd7-a59d-498f-a10d-1d74ff89a3da,15,0.50,1994017.946161516,BS1,Tissue Slide,88
bc44f01f-55eb-484d-a7df-ca90882ece44,16,0.50,1994017.946161516,BS2,Tissue Slide,80
9638fddf-5966-4a15-8fcd-aa322f47f997,15,0.49,2024701.356549909,TS1,Tissue Slide,77
bc79cd94-db8c-4ed9-b736-8370ecc2b457,17,0.25,4070004.07000407,TS1,Tissue Slide,70
41bd6feb-6672-4092-b57a-b9c5f40c1c3b,17,0.25,4061738.424045492,TS1,Tissue Slide,54
a9c2446b-d315-4a91-8292-eff910d3069b,17,0.25,4061738.424045492,BS1,Tissue Slide,52
03e77821-0dcc-4c4e-9095-729a7d40972f,16,0.25,4070004.07000407,BS1,Tissue Slide,69
978bd3e6-3595-4b43-a0ce-31920c6b90c4,17,0.25,4051863.857374393,TSA,Tissue Slide,100
b3afee71-d760-4935-b63b-6483df921d63,15,0.50,1994017.946161516,BS1,Tissue Slide,65
2611471e-e1a0-4732-b70a-91c747609038,17,0.25,4051863.857374393,TSA,Tissue Slide,50
4ec4089b-a8b3-4b29-a8b4-73e58970fe7c,14,0.49,2024701.356549909,TS1,Tissue Slide,85
1014971a-8a2b-4383-b913-4d4dfa81774a,17,0.25,4056795.131845842,TSA,Tissue Slide,70
d55c4e1d-637e-48b5-aabe-3c75bb085816,15,0.50,1994017.946161516,TS1,Tissue Slide,65
df660101-fb9e-46c8-b7a5-b7fdf96b6ed4,15,0.50,1994017.946161516,TS1,Tissue Slide,77
3d4d8181-0a73-4cc0-a2d5-4ed12602c5ba,16,0.25,4061738.424045492,TS1,Tissue Slide,75
fb675461-7954-4405-9427-81be9d878d9b,14,0.50,1994017.946161516,TS1,Tissue Slide,40
ca9bf3a1-8d76-4861-bf90-c5e8dd1d2ae6,16,0.50,1994017.946161516,BS1,Tissue Slide,55
250b6d9c-8fda-4d35-9041-189ca760c09b,16,0.25,3968253.9682539687,BS1,Tissue Slide,68
19f18bae-89d1-4bda-8bae-ea3b983e4596,15,0.50,1994017.946161516,BS1,Tissue Slide,50
120eb791-23e2-46d0-9cd0-7bc37e7d278a,15,0.50,1994017.946161516,BS2,Tissue Slide,70
f10f4d0e-d57d-44bb-b1a3-b94e2fb521c7,15,0.50,1994017.946161516,BS1,Tissue Slide,89
eb8003bb-d5fd-4745-829c-6c5a3a43d969,17,0.25,4070004.07000407,BS1,Tissue Slide,75
4f941ba0-307c-49c1-8e6a-7432c538ce08,15,0.25,3968253.9682539687,BS1,Tissue Slide,65
b916778e-644c-4afa-99c0-fa7cc784812b,15,0.50,1994017.946161516,BS1,Tissue Slide,55
746e2e68-dd76-4880-a0e6-93fd94f17e70,15,0.49,2024701.356549909,TS1,Tissue Slide,80
cd87fe24-c736-4f12-b6fd-c22c0b8c8e5c,16,0.25,3968253.9682539687,TS1,Tissue Slide,54
9a6cd98f-386b-45f7-8cd4-8526e21f5f4a,17,0.25,4056795.131845842,TS1,Tissue Slide,80
032bb808-3468-42b2-ad4d-7a0bb3a58866,16,0.25,4061738.424045492,BS1,Tissue Slide,85
de02f226-dcdc-45e4-8919-a9b0c110ca5e,16,0.25,4061738.424045492,TS1,Tissue Slide,92
b547f4d3-8bfb-455c-8b6f-5289abfad341,16,0.25,3968253.9682539687,TS1,Tissue Slide,75
c3c772df-b08e-45a9-bd29-bd9e673c85c7,16,0.25,3968253.9682539687,BS1,Tissue Slide,80
42074dd1-92c5-4b89-9ea2-277a58448c24,15,0.50,1994017.946161516,TS1,Tissue Slide,70
0e813ed3-a686-4f07-a9a3-1e7efa7f30cf,15,0.50,1994017.946161516,BS1,Tissue Slide,77
be769409-44ef-4ffa-be4f-ffc30812660a,16,0.25,4070004.07000407,TS1,Tissue Slide,80
52fee8a8-9a24-44d1-a9fd-9e8222179e02,15,0.50,1994017.946161516,TS1,Tissue Slide,83
c5888c99-f681-498e-ae9b-e4e4a83e9f33,15,0.50,1994017.946161516,BS1,Tissue Slide,30
8850807b-a695-41ee-8bff-c289f520f2cc,17,0.25,4032258.064516129,TS1,Tissue Slide,50
458e1631-a03c-456b-821b-0c58dadd9e53,14,0.50,1994017.946161516,BS1,Tissue Slide,80
b105a887-f525-40c3-983e-3162f8ee1005,15,0.50,1994017.946161516,BS1,Tissue Slide,78
4dc12cb7-74be-405c-9c34-06c4d1bb6ce4,14,0.50,1994017.946161516,TS1,Tissue Slide,80
cd49fc3d-0759-4441-b715-4487411844ff,15,0.50,1994017.946161516,BS1,Tissue Slide,75
be25cd95-d4ad-46d8-bb9b-dbc57ea22834,15,0.50,1994017.946161516,TS1,Tissue Slide,100
20ca5514-ef70-46d6-b5da-35e1aa2a5843,14,0.50,1984126.9841269844,TS1,Tissue Slide,90
c8f7c3c8-bb37-4ebc-802e-1a9ca9a07a64,14,0.50,1984126.9841269844,BS1,Tissue Slide,10
9539f9e6-17c3-455e-8c10-93858738f143,16,0.25,3968253.9682539687,BS1,Tissue Slide,50
647a22b8-8a3e-476e-bd7a-2c2046379be6,14,0.50,1994017.946161516,TS1,Tissue Slide,50
1699e073-85cd-492c-bc6f-d434df64123b,15,0.50,1994017.946161516,TS1,Tissue Slide,80
f7575e44-895f-4545-bced-19d101f3a021,15,0.50,1994017.946161516,BS1,Tissue Slide,75
d4ca52ec-0e15-44e9-b46d-5efc029a15b9,16,0.50,1994017.946161516,BS1,Tissue Slide,70
77876e32-bd14-43a7-8289-51fd739c4c36,15,0.50,1994017.946161516,BS1,Tissue Slide,80
80bb8be4-b820-4012-a79d-59b272fcca56,16,0.50,1994017.946161516,TS1,Tissue Slide,60
71727bf1-b1b4-4d58-ae1d-e442303e07d4,15,0.50,1984126.9841269844,TS1,Tissue Slide,80
0b9f785f-829c-4fb3-b23e-88008923d48f,16,0.25,4070004.07000407,TS1,Tissue Slide,85
2fed8bb6-ecec-48e6-86cf-0e2907353bba,15,0.50,1994017.946161516,TS1,Tissue Slide,60
10e773cb-0a83-4eb8-abfa-7070c010ee6a,15,0.49,2024701.356549909,TS1,Tissue Slide,90
fac03c27-5ceb-4248-ac07-240749e7c73b,15,0.50,1994017.946161516,TS1,Tissue Slide,80
8925bafb-534f-4398-8fdc-0520c99685ca,17,0.25,4056795.131845842,TS1,Tissue Slide,50
195b38d8-36f1-4306-849c-87281651ead3,15,0.25,3968253.9682539687,TS1,Tissue Slide,90
7b14bf4e-03b3-488e-9ae0-b02e61a36b83,16,0.25,3968253.9682539687,BS1,Tissue Slide,100
0afc2749-b4a7-4fa7-9a56-98861b23fcaf,16,0.50,1994017.946161516,BS1,Tissue Slide,55
06f572b6-f334-4d05-a045-d3b4cba7171f,15,0.50,1994017.946161516,BS1,Tissue Slide,80
37d5c993-6213-40ea-9fcf-54af50611fc0,15,0.25,3968253.9682539687,TS1,Tissue Slide,98
e70188ee-831a-4b07-9e3c-248cb6af5ac5,17,0.25,4071661.2377850167,TS1,Tissue Slide,90
918e5e38-bb7e-4a54-a2ef-cf78e80d982d,17,0.25,3968253.9682539687,BS1,Tissue Slide,65
e84533e5-e80e-4a03-bc57-88da8fa5ce0a,14,0.50,1994017.946161516,TS1,Tissue Slide,82
36f585ab-2d04-431b-a989-b246519b71b9,16,0.25,3968253.9682539687,BS1,Tissue Slide,10
e10e9a65-b897-43a6-89f2-4485c212de3c,15,0.25,3968253.9682539687,TS1,Tissue Slide,90
33d86e79-7c8b-45fd-9d37-c4c4884c84d6,15,0.50,1994017.946161516,TS1,Tissue Slide,65
e810e1f0-03d5-4650-8ad3-afdd961603ba,16,0.50,1994017.946161516,BS1,Tissue Slide,78
0be57148-a195-40bd-a375-ceb64b0527dd,15,0.50,1994017.946161516,TS1,Tissue Slide,89
6a2b48f0-a8db-452a-b6e7-4eb343760fe8,17,0.25,4024144.869215292,TS1,Tissue Slide,100
f19330d7-c859-4d03-a5e5-16570ed5c23f,14,0.49,2024701.356549909,BS1,Tissue Slide,100
d0f2eeda-4f7d-4028-95f5-2f66bcfa4b14,16,0.50,1994017.946161516,TS1,Tissue Slide,55
3b9fe99a-cba0-463f-8aff-d0f3b0d21746,16,0.50,1994017.946161516,BS1,Tissue Slide,62
e9258057-af6b-4502-8a2a-f55f8d5fe6e7,15,0.25,4061738.424045492,TS1,Tissue Slide,87
45d1a6e2-2924-43db-a979-27345e41f9bf,17,0.25,4024144.869215292,TS2,Tissue Slide,65
4d8ee145-bc5e-4057-baeb-57005b906131,16,0.25,4070004.07000407,TS1,Tissue Slide,65
be6fe5a3-22af-4a9a-aa76-65accd000e08,15,0.25,4061738.424045492,TS1,Tissue Slide,95
2ef6973b-171b-4fd1-9fce-7638ea3d0af2,15,0.50,1994017.946161516,BS1,Tissue Slide,75
b0d0baa6-c48a-4b5c-8954-e9ea089d122b,15,0.50,1994017.946161516,BS1,Tissue Slide,79
00c4f359-a489-4942-881c-99b0449c8722,14,0.50,1994017.946161516,TS1,Tissue Slide,92
457927bf-803e-46e1-b2db-e8a0814777ce,15,0.50,1994017.946161516,BS1,Tissue Slide,75
d4072385-1c67-420f-8795-64d97aa05d88,15,0.49,2024701.356549909,TS1,Tissue Slide,70
3ac529fb-3ae5-42e7-a893-6d34b10aa0e9,17,0.25,4032258.064516129,TS1,Tissue Slide,50
651f181a-f8cf-4ff1-9b36-cb94f8d45eea,15,0.50,1994017.946161516,TS1,Tissue Slide,89
d6423d52-3390-473d-b2ba-d659180d5d66,15,0.50,1994017.946161516,BS1,Tissue Slide,63
b68a94ae-e238-4f1b-ac7d-850fc8c5900d,16,0.25,3968253.9682539687,BS1,Tissue Slide,95
6b918418-4976-437c-924a-dd8aa13c5a51,17,0.25,4024144.869215292,TS1,Tissue Slide,75
52820816-821c-451e-b5a4-a809f07dd4c0,14,0.49,2024701.356549909,TS1,Tissue Slide,75
63f471bb-5ec4-410b-9d0e-7967cf9a1e61,17,0.25,4024144.869215292,TS1,Tissue Slide,50
41323fdc-aca0-4af0-b7e2-64af14790315,14,0.50,1994017.946161516,TS1,Tissue Slide,75
d6ea5bce-d28c-405e-9770-2f1b2e132c25,15,0.50,1994017.946161516,BS1,Tissue Slide,45
ec4b11c2-55b7-4c5a-8d27-ad9747722d06,16,0.25,4061738.424045492,TS1,Tissue Slide,80
ed9668b3-d694-4b4e-9af4-4e6adcbcf54e,14,0.50,1994017.946161516,TS1,Tissue Slide,87
b97b8fa0-ce7d-454c-bc7c-ca8de3d79768,16,0.25,3968253.9682539687,BS1,Tissue Slide,89
faf3dcc9-9c3d-42ba-8dcb-c7dcd62fdf1f,17,0.25,4051863.857374393,TSA,Tissue Slide,100
1f74948a-9237-43b3-9aed-f9a97538b393,15,0.49,2024701.356549909,BS2,Tissue Slide,80
c713924d-7769-4ddb-a317-ee70cb1949f8,17,0.25,4051863.857374393,TSA,Tissue Slide,100
68d8dccc-bae3-4a6c-ad82-b7275bf00874,15,0.50,1994017.946161516,BS1,Tissue Slide,80
48a0afe8-b206-42b0-a4f0-740cd4dcdf0c,16,0.50,1994017.946161516,TS1,Tissue Slide,70
c7c1a959-84dc-4e1b-86ab-8949cab5177f,16,0.25,4070004.07000407,BS1,Tissue Slide,75
faa9f926-46f9-48ee-a83d-073213b4d9f5,17,0.25,4070004.07000407,TS1,Tissue Slide,65
f70be3ea-1213-4006-8822-b7ce7bdf50c9,15,0.50,1994017.946161516,BS1,Tissue Slide,65
a9bc85ac-258e-4a65-945c-526245089876,15,0.50,1994017.946161516,BS1,Tissue Slide,45
dbeb4399-710b-4be6-8579-80b4c98a3ac4,15,0.50,1994017.946161516,TS1,Tissue Slide,38
ae6fef43-a7dd-47ee-95f8-66a9feddbf09,15,0.50,1994017.946161516,TS1,Tissue Slide,80
f032edd6-2c6a-4393-973e-1c7a10a9a492,15,0.50,1994017.946161516,BS1,Tissue Slide,72
b552aec3-62e2-4317-b963-30b8f47f7f63,17,0.25,4061738.424045492,BS1,Tissue Slide,100
a55572bd-baf4-4904-b8e5-3233ab7da6e0,17,0.25,4071661.2377850167,TSA,Tissue Slide,52
55f6fb6a-cfc8-400e-88ba-4e59e15b9e6a,15,0.50,1994017.946161516,BS1,Tissue Slide,70
5d95e545-126b-495f-b03e-034d773dd0b4,15,0.50,1994017.946161516,TS1,Tissue Slide,75
7fdb50be-e88e-4357-a7aa-da75ea0cc95b,15,0.25,3968253.9682539687,TS1,Tissue Slide,98
b0efb76c-9ae4-4291-bcc3-6abc28e51867,16,0.25,4070004.07000407,BS1,Tissue Slide,90
a600c693-ce64-4ee0-9739-59aeeffb3443,15,0.50,1994017.946161516,BS1,Tissue Slide,64
5a5a9109-32ae-4720-ba7f-66a12b32c4b1,16,0.25,3968253.9682539687,BS1,Tissue Slide,45
4b81379f-d5b0-4319-927e-ae6247f7725c,15,0.49,2024701.356549909,TS1,Tissue Slide,100
26283cd3-a1ed-44a4-9b36-9c656df02041,14,0.49,2024701.356549909,TS1,Tissue Slide,90
2cf3a3ce-f5d1-40a0-9277-8f72caae94b9,14,0.50,1994017.946161516,TS1,Tissue Slide,85
0535a463-fc37-4c38-b88f-0eee6042ba55,16,0.25,3968253.9682539687,TS1,Tissue Slide,82
f5869af7-37f0-4c51-aa9d-c99b39cbd717,15,0.25,4061738.424045492,BS1,Tissue Slide,82
7a68199a-d401-49a1-8e85-518127cdc177,16,0.25,3968253.9682539687,TS1,Tissue Slide,70
44a0b8aa-018f-422f-bf4e-d5221bbb1b45,16,0.25,3968253.9682539687,BS1,Tissue Slide,70
de3d484a-1be8-4a4e-9374-592ef498fdf0,16,0.25,4032258.064516129,TSA,Tissue Slide,98
781ad715-2417-49b5-a51b-c400f94c5a6f,16,0.25,3968253.9682539687,TS1,Tissue Slide,85
a0b2aca5-5748-4722-9b41-cc7e428d36a3,17,0.25,4032258.064516129,TSA,Tissue Slide,60
b227fdf6-1f3a-47ba-a12e-290dc4fe3cd7,17,0.25,4071661.2377850167,TS2,Tissue Slide,85
650eab15-c75c-4872-8322-2e9e4e85e1f9,16,0.25,4070004.07000407,TS1,Tissue Slide,95
81f3b18b-53d6-466b-b78c-59515334acad,16,0.25,4070004.07000407,TS1,Tissue Slide,60
e3771f2f-9c35-4dd1-99fd-f199b13ade07,15,0.50,1994017.946161516,BS2,Tissue Slide,45
4bea1bb8-6168-40f7-a020-bb1bc7b17a30,15,0.50,1994017.946161516,TS1,Tissue Slide,65
d829c7d2-320d-4b13-8f93-ca9b121df2b4,15,0.49,2024701.356549909,TS1,Tissue Slide,75
0ee0dbf6-90ac-4892-89d9-321775122ea4,15,0.50,1994017.946161516,TS1,Tissue Slide,100
7fc7d59d-0df5-4b7b-af80-073c5513947b,16,0.50,1994017.946161516,BS1,Tissue Slide,90
dac041f5-5c26-4f01-9f87-a7a9f20ff801,15,0.50,1994017.946161516,TS1,Tissue Slide,65
c20f4494-5e55-4303-bb9a-f2c066b5c6ac,16,0.25,3968253.9682539687,TS1,Tissue Slide,88
dce1718f-b5d0-4fed-985a-701663b96d65,15,0.25,3968253.9682539687,BS1,Tissue Slide,82
06060858-f9f2-4310-b9dc-89cab72d23d8,15,0.50,1994017.946161516,BS1,Tissue Slide,83
ce197cc3-1d91-40e2-bf76-a809402c601d,15,0.25,3968253.9682539687,TS1,Tissue Slide,62
8109703d-7a4b-423a-a5bf-5477bcd83d96,15,0.50,1994017.946161516,BS1,Tissue Slide,80
a3ea884a-a79b-463a-94ce-107264c37ee3,17,0.25,4070004.07000407,BS1,Tissue Slide,70
1619fdf0-f596-4db4-afcb-0bbe9554e000,14,0.50,1994017.946161516,TS1,Tissue Slide,80
ba75e979-37d8-4f8d-8968-c8cc75951751,17,0.25,3960396.039603961,TSB,Tissue Slide,40
b4d51160-ac61-4c88-aa99-216a41ed57ed,15,0.50,1994017.946161516,TS1,Tissue Slide,65
f3d62a72-e42e-4563-b42b-cb206d04341c,17,0.25,4056795.131845842,TSC,Tissue Slide,75
875b1500-5f47-4f04-8621-5264b3cf161e,17,0.25,4032258.064516129,TS1,Tissue Slide,40
c69661c1-7cb9-4a50-9083-5abbccce8077,17,0.25,4024144.869215292,TS3,Tissue Slide,65
9661fa12-1a1c-4d59-90fa-2c896df91b50,16,0.25,4032258.064516129,TSA,Tissue Slide,70
444fe15e-d8fe-4a97-9ebf-03e4436ec96a,14,0.50,1994017.946161516,TS1,Tissue Slide,75
b1cee1dc-75d1-4fb9-a95d-0a36479f972e,17,0.25,3968253.9682539687,BS1,Tissue Slide,70
2c97bb6e-0dc9-4188-954c-bfb5fc124061,14,0.49,2024701.356549909,BS1,Tissue Slide,70
3b4232a8-ff33-4a48-b559-27c2c1fd8578,15,0.25,4051863.857374393,TS1,Tissue Slide,90
2b9bfb92-4ec3-499f-beb8-6681dcfed96f,15,0.50,1994017.946161516,TS1,Tissue Slide,77
0d9d07f7-1f3d-4bbd-be9e-781bda7094ce,17,0.25,4032258.064516129,TSA,Tissue Slide,50
d3fb65ce-0865-4f02-b916-0e7e7188d30e,16,0.50,1994017.946161516,BS1,Tissue Slide,74
7e4df08d-b9bc-4557-907e-bbc6519ba132,17,0.25,4024144.869215292,TS1,Tissue Slide,95
50e706e8-f80d-41ce-b8a1-4c56b5d74473,16,0.50,1994017.946161516,TS1,Tissue Slide,80
a93212d1-e71e-40a9-9f6f-49ad8f371be9,16,0.25,3968253.9682539687,BS1,Tissue Slide,70
c2aad31d-ce11-4daf-ad51-e403d624ca64,17,0.25,4051863.857374393,TSA,Tissue Slide,80
dc35a03c-2058-4e67-8738-6162df7659b0,16,0.50,1994017.946161516,BS1,Tissue Slide,80
44b02f94-f71e-49ca-b7ab-9ec0badfcf9d,16,0.25,3968253.9682539687,TS1,Tissue Slide,80
f99394cb-ced0-4540-b22b-2d3aed52c852,15,0.50,1994017.946161516,BS1,Tissue Slide,85
e80dc391-f996-41ce-9706-7a000dc95b22,17,0.25,4051863.857374393,TS1,Tissue Slide,98
bc273045-a4ff-4750-b7a3-25aef8c27197,14,0.50,1994017.946161516,BS1,Tissue Slide,60
b57a8914-cc15-4f31-ab0d-eac9e25085d7,17,0.25,4032258.064516129,TS1,Tissue Slide,60
6ca47324-6103-4794-b8e1-1e748954139b,16,0.25,3968253.9682539687,TS1,Tissue Slide,95
ca4de156-ce46-4438-8b4e-eca18b5c93ff,14,0.50,1994017.946161516,BS1,Tissue Slide,80
5d03bb30-5687-41de-9784-9ad6299ffa99,17,0.25,3957261.574990107,TS1,Tissue Slide,75
bbdb5640-7294-49d6-8323-abee41668543,14,0.50,1994017.946161516,TS1,Tissue Slide,73
b1cb7933-adfd-453a-ad0d-4022c8affa67,17,0.25,4070004.07000407,TS1,Tissue Slide,70
be05eedb-d058-4bbb-8f3a-e88c46e710c0,15,0.25,4070004.07000407,BS1,Tissue Slide,78
e853b1a5-4a71-48ab-9ddc-f75646875e03,17,0.25,4051863.857374393,TSA,Tissue Slide,95
ad449548-dce3-498d-826c-18858510427e,17,0.25,3957261.574990107,TS1,Tissue Slide,90
69863d98-c136-4c10-ace3-dec1c857becb,15,0.49,2024701.356549909,TS1,Tissue Slide,82
628087dc-8363-4e44-9e4c-13d38d296d88,17,0.25,4024144.869215292,TS1,Tissue Slide,95
e8129e96-474f-4d26-bd81-11056751c37d,16,0.25,3968253.9682539687,BS1,Tissue Slide,73
6164fc96-fc5a-452d-8af4-c3d680ace521,16,0.25,4024144.869215292,TS1,Tissue Slide,15
1daf3fef-c259-4902-a702-3ab52788f070,15,0.50,1994017.946161516,TS1,Tissue Slide,70
cd69ed2d-0b8c-44f7-b1d7-4f571028ea7b,14,0.50,1994017.946161516,TS1,Tissue Slide,90
62894873-8977-477a-9a1d-f39b62d5838d,15,0.50,1994017.946161516,BS1,Tissue Slide,35
d26dc757-6c32-4e6b-b249-e18df415e041,17,0.25,3968253.9682539687,TS1,Tissue Slide,80
f89dcab2-6c0d-4b25-aad4-a8c0aac7151c,16,0.25,4061738.424045492,BS1,Tissue Slide,40
b14988da-d0e8-482d-9f28-e7203c60fe4e,15,0.50,1994017.946161516,BS1,Tissue Slide,80
f1862058-83f7-4b0d-a4b9-57a7190e26fd,17,0.25,3968253.9682539687,BS1,Tissue Slide,70
bdef6ad8-a6b4-4314-9272-a65c35727bca,16,0.50,1994017.946161516,BS1,Tissue Slide,59
f6f781e5-65d0-4e03-be7f-37578659c027,16,0.50,1994017.946161516,TS1,Tissue Slide,57
f3e13dbf-797d-4e06-9f2e-2f63df33be49,15,0.50,1994017.946161516,TS1,Tissue Slide,95
a5419861-96bb-4f85-beb5-a8be4f0e7728,17,0.50,1994017.946161516,BS1,Tissue Slide,70
a4336356-34db-4992-8626-dd7b90cb064f,15,0.50,1994017.946161516,BS1,Tissue Slide,73
f6307428-80e3-4d05-ae3c-05e524e19f03,14,0.50,1994017.946161516,BS1,Tissue Slide,75
e241c5dc-43be-435e-9a05-4e18273080a8,17,0.50,1994017.946161516,BS2,Tissue Slide,68
9fe58b35-1020-4b32-b56a-a95d6ffd2f66,15,0.25,4070004.07000407,BS1,Tissue Slide,100
374c3296-121f-4081-bea1-143696155559,16,0.25,3968253.9682539687,BS1,Tissue Slide,75
deb829f9-72a7-40d5-878c-32f99126c5e7,15,0.50,1994017.946161516,BS1,Tissue Slide,75
432eb698-b20f-4680-8407-df29e3577cea,15,0.50,1994017.946161516,BS1,Tissue Slide,40
518374a5-94c8-40ec-b512-5e1c70ee9ef8,14,0.50,1994017.946161516,BS1,Tissue Slide,70
40e9cde7-7a29-484f-8b3d-fd42738a2657,16,0.25,4070004.07000407,TS1,Tissue Slide,93
887ca128-1a91-4d27-9435-b4830d647924,16,0.50,1994017.946161516,BS1,Tissue Slide,65
51d48dc5-d846-430c-9493-fc4aee43d07e,16,0.50,1994017.946161516,TS1,Tissue Slide,65
fe022d3d-02bc-4554-8354-cd5af0553ce0,17,0.25,4032258.064516129,TSB,Tissue Slide,80
65495be0-c3ef-471f-8453-0e974db49797,16,0.50,1994017.946161516,TS1,Tissue Slide,72
cca84d2d-85b5-4e7e-b331-63cba41d0183,15,0.50,1994017.946161516,BS1,Tissue Slide,72
1d5a2854-04a2-4676-bd57-d26bd58eb271,15,0.50,1994017.946161516,BS2,Tissue Slide,60
ef068c59-0ad7-4d2a-8b93-d66a694fd300,15,0.50,1994017.946161516,TS1,Tissue Slide,75
03423a5d-cef4-4874-84a9-4c52456e41d8,15,0.25,4070004.07000407,TS1,Tissue Slide,70
f6f6486e-2eec-4b22-b7ee-db0def393f6f,15,0.50,1994017.946161516,BS1,Tissue Slide,47
41a49afa-1d1e-47e3-bc88-8e31ecdfa134,17,0.25,3957261.574990107,TS1,Tissue Slide,70
fb126f81-4cd5-45e3-9b9b-70d466338a15,17,0.25,3968253.9682539687,BS1,Tissue Slide,75
fb1ac588-15b8-4a08-8d37-311bbbeb1151,17,0.25,4051863.857374393,TSB,Tissue Slide,75
6253ceb8-b261-4f69-ad31-a7516f3a39c7,17,0.25,4051863.857374393,TS3,Tissue Slide,70
905be698-4146-4871-8003-e84348263313,15,0.25,3968253.9682539687,TS1,Tissue Slide,100
6418be3f-3859-4d8a-9f90-d7e22fda72c4,15,0.50,1994017.946161516,BS1,Tissue Slide,85
1d4ed5bb-5d7c-4da9-b9f8-475c806ca736,16,0.50,1994017.946161516,TS1,Tissue Slide,80
7e48ac2b-c498-4fdb-b8cb-72ae434782cf,15,0.49,2024701.356549909,TS1,Tissue Slide,80
34ba9142-8462-43ea-adc6-ca4ddc7f7b6b,16,0.50,1994017.946161516,TS1,Tissue Slide,65
2e09dd0a-50ff-48d5-b51b-8e9f831815d1,15,0.50,1994017.946161516,BS1,Tissue Slide,80
2033db71-5f48-4cff-b45c-9f775c53bcec,16,0.50,1994017.946161516,BS1,Tissue Slide,65
17670b1f-ac15-488f-8002-a66fe0531e25,15,0.50,1994017.946161516,TS1,Tissue Slide,65
3116e2d5-7d30-439e-98c6-7bf7d590723a,15,0.50,1994017.946161516,BS1,Tissue Slide,60
33872a17-9cfb-444b-b62e-2b73d93e42e5,16,0.25,3968253.9682539687,BS1,Tissue Slide,53
85fdca33-782a-46e5-9bfd-c0987b1c23c3,15,0.25,3968253.9682539687,TS1,Tissue Slide,78
05144cd0-3372-4107-bd45-d44258905ba7,16,0.25,3968253.9682539687,BS1,Tissue Slide,75
828c047a-336e-4b46-9803-c67f78747f39,15,0.50,1994017.946161516,BS1,Tissue Slide,50
b1bb76d0-fd93-40b8-addf-e0538e998142,17,0.25,4051863.857374393,TSB,Tissue Slide,60
88293c43-5e03-4d31-8e26-592e63ce445f,15,0.50,1994017.946161516,TS1,Tissue Slide,55
a8776784-eeb5-4400-b52f-84fcdfbbb2f2,17,0.25,4051863.857374393,TSA,Tissue Slide,95
c19eaa55-3d39-4627-b945-94339110a7c1,17,0.25,3957261.574990107,TS1,Tissue Slide,80
7c2aad29-9fe2-4887-92f9-0c0ab9e87679,14,0.49,2024701.356549909,BS1,Tissue Slide,80
4177c5fe-ab27-48df-9f29-89d6c704897e,17,0.25,4071661.2377850167,TSA,Tissue Slide,50
b0d714d7-9a6f-449a-b032-094337f941c5,17,0.25,4051863.857374393,TS3,Tissue Slide,60
9be0931e-c7e0-4110-905a-f8004377b1a5,15,0.50,1994017.946161516,BS1,Tissue Slide,83
aae85c8c-951f-49f3-ae40-12341cd4617a,17,0.25,4032258.064516129,TSC,Tissue Slide,65
50325f01-abad-4b22-b306-ebec2a50d9a4,15,0.25,4070004.07000407,TS1,Tissue Slide,87
0a722c1d-82aa-43ec-abf3-2c4ad09984c9,15,0.25,4070004.07000407,TS1,Tissue Slide,92
5da94721-e8cb-4950-a9d1-17673f0b08ba,17,0.25,4051863.857374393,TS1,Tissue Slide,97
ed6e367a-7dbf-4cd4-b5b1-1dddfd70bdb0,14,0.50,1994017.946161516,TS1,Tissue Slide,78
101dadac-7d93-4e07-8e86-dae48b431944,16,0.25,3968253.9682539687,BS1,Tissue Slide,98
32f59558-a553-4b77-8dda-350a5ee4e18b,14,0.49,2024701.356549909,TS1,Tissue Slide,90
aab86f77-4dc3-410b-b853-20f2ae08d76d,14,0.50,1994017.946161516,BS1,Tissue Slide,90
3fc74ad1-f7ff-4d3e-8e51-770a900bbe4d,16,0.25,4070004.07000407,TS1,Tissue Slide,95
b2d79b9a-f0d7-4f2d-9ffd-97a4293d505b,14,0.50,1994017.946161516,TS1,Tissue Slide,85
135127ae-def7-4a7a-96ff-97a880d66725,16,0.25,3968253.9682539687,BS1,Tissue Slide,80
c7515ae6-fed8-482e-b87b-7172bed893de,17,0.25,3968253.9682539687,TS1,Tissue Slide,67
34a4946e-e00a-4453-8d76-459ffd5070bb,14,0.50,1994017.946161516,BS1,Tissue Slide,74
4cf8e0ff-9eaa-4552-9d81-7cde8efab53e,17,0.25,4056795.131845842,TS3,Tissue Slide,80
cb0a05db-e8b5-424d-982f-c9e713664844,16,0.25,4070004.07000407,BS1,Tissue Slide,65
803d6b6d-5053-49ac-8c74-a7f39e9ee544,15,0.49,2024701.356549909,TS1,Tissue Slide,77
824ff2f6-697c-4d85-b4f0-67769c412ba5,16,0.25,4061738.424045492,BS1,Tissue Slide,30
3f8e5417-9d32-47b2-a666-ec656445d318,16,0.50,1994017.946161516,BS1,Tissue Slide,58
b3b0c0c2-6444-4ca4-8f14-57c30144b57a,15,0.50,1994017.946161516,BS2,Tissue Slide,80
5c625090-c2b2-4cd3-b2f8-b560d32aa811,17,0.25,4056795.131845842,TS1,Tissue Slide,70
9cb5fa26-8657-4535-bd2b-f14af9526684,17,0.25,4051863.857374393,TS1,Tissue Slide,95
8663cd8c-83df-4281-b1a2-4452c6354485,17,0.25,4051863.857374393,TSA,Tissue Slide,67
90c06ba4-30bf-49d5-a84b-ddc213de048d,15,0.50,1994017.946161516,TS1,Tissue Slide,67
4957b0d6-4b5c-4184-bcfc-05156ec4d551,14,0.50,1994017.946161516,BS1,Tissue Slide,50
3d3852d7-5225-4a5f-bd9e-06ab90573be1,16,0.25,4061738.424045492,BS1,Tissue Slide,98
1b5c945d-9e67-4472-ac00-05157a0ad22f,16,0.50,1994017.946161516,TS1,Tissue Slide,85
152af24a-f920-42e7-b0a1-5e61333684e5,16,0.50,1994017.946161516,BS1,Tissue Slide,85
fa80c711-7876-4383-a829-35de50b23d75,17,0.25,4032258.064516129,TS1,Tissue Slide,98
8b90e01c-76c2-4a41-9f12-350417f8dc8e,16,0.50,1994017.946161516,TS1,Tissue Slide,70
42499ade-a24e-40f8-9922-4603d47f9ad0,15,0.50,1994017.946161516,BS1,Tissue Slide,70
